Price,Close,Close,Close,Close,Close,Close,Close,Close,Volume,Volume,Volume,Volume,Volume,Volume,Volume,Volume
Ticker,AAPL,AMT,JNJ,MSFT,PFE,PLD,TGT,WMT,AAPL,AMT,JNJ,MSFT,PFE,PLD,TGT,WMT
Date,,,,,,,,,,,,,,,,
2024-01-02,184.53208923339844,211.6429443359375,153.82957458496094,367.3805847167969,27.56171989440918,130.37452697753906,137.8018035888672,52.46778106689453,82488700,1566300,9622100,25258600,57948700,2899100,3601500,23539800
2024-01-03,183.15036010742188,207.65789794921875,154.7911834716797,367.1131591796875,27.56171989440918,126.40383911132812,133.5358123779297,52.471073150634766,58414500,1533500,8232000,23083500,43426500,3195000,4662100,18756000
2024-01-04,180.82435607910156,208.40269470214844,154.46424865722656,364.47821044921875,26.968395233154297,126.18108367919922,135.0573272705078,51.96382141113281,71983600,2033000,6766600,20901500,45558200,3613800,3903000,19282500
2024-01-05,180.09869384765625,207.26132202148438,154.94505310058594,364.2899475097656,27.3206787109375,126.44257354736328,135.538818359375,51.61796569824219,62303300,1884000,5602500,20987000,33592600,2393600,2744200,21709500
2024-01-08,184.4525604248047,209.0023651123047,155.32969665527344,371.1646728515625,27.422657012939453,128.97027587890625,136.48252868652344,52.12521743774414,59144500,1703200,6569800,23134000,32972100,3208700,3563300,20680800
2024-01-09,184.0350799560547,204.9206085205078,155.42587280273438,372.25433349609375,27.25578498840332,128.87342834472656,138.44700622558594,52.474365234375,42841800,1578800,6357000,20830000,39856900,3109500,3664400,23322300
2024-01-10,185.07879638671875,202.12527465820312,155.65664672851562,379.16864013671875,26.875688552856445,129.33828735351562,138.75514221191406,53.12655258178711,46792900,2088900,4945100,25514200,37413300,2354000,2777400,20121900
2024-01-11,184.4823760986328,200.84849548339844,154.9642791748047,381.0111389160156,26.328720092773438,127.17860412597656,136.76177978515625,53.0672607421875,49128400,2271600,4946000,27850800,46884700,2787500,3215300,14355300
2024-01-12,184.8104248046875,202.5701904296875,156.15667724609375,384.8150329589844,26.606840133666992,127.40135192871094,135.69290161132812,53.13643264770508,40444700,1763400,4496500,21645700,30349700,2380600,2236400,13629000
2024-01-16,182.53408813476562,201.23538208007812,154.35845947265625,386.59808349609375,26.254554748535156,125.87118530273438,135.8469696044922,53.304420471191406,65603000,2400000,6923200,27202300,38826000,4001200,3482400,17032500
2024-01-17,181.58973693847656,198.2369384765625,154.2718963623047,385.8056335449219,26.096952438354492,122.85926818847656,133.6032257080078,53.05408477783203,47317400,2629300,5072100,22234100,33312600,3912900,3566300,14827800
2024-01-18,187.50424194335938,197.23098754882812,155.02198791503906,390.16424560546875,26.04132843017578,122.27818298339844,132.31283569335938,53.76885223388672,78005800,2881000,5368500,23392100,50321100,4062900,4160700,18190500
2024-01-19,190.416748046875,197.19229125976562,155.4739227294922,394.9190368652344,26.217470169067383,124.38943481445312,133.02545166015625,53.48558044433594,68741000,1986400,7055800,29272000,35313100,3559000,3515300,19175400
2024-01-22,192.7328338623047,197.33740234375,156.23361206054688,392.7793884277344,26.245281219482422,124.67997741699219,135.1632537841797,53.48887252807617,60133900,2185500,6824200,27016900,41663900,2280900,2778700,13938300
2024-01-23,194.01515197753906,195.63504028320312,153.6757049560547,395.1468811035156,26.356531143188477,123.97299194335938,135.66400146484375,53.62391662597656,42355600,2108900,9149800,20525900,33466700,3426400,2806800,12066600
2024-01-24,193.33920288085938,190.31520080566406,152.85836791992188,398.7724609375,26.263824462890625,121.48404693603516,134.0461883544922,52.866336822509766,53631300,3308500,7247900,24867000,42720700,3491500,2845900,22932900
2024-01-25,193.0111846923828,193.65219116210938,153.435302734375,401.06072998046875,25.849777221679688,122.22007751464844,136.9158477783203,53.63709259033203,54822100,2510500,5478900,21021200,47605500,2590400,2566500,16369500
2024-01-26,191.27162170410156,190.8278045654297,153.3776092529297,400.1295471191406,25.849777221679688,122.86894226074219,137.25289916992188,54.108116149902344,44594000,1831100,5591900,17803300,47073800,2333000,3014800,15746400
2024-01-29,190.5857391357422,192.5882110595703,153.24298095703125,405.8650817871094,25.85918426513672,123.85677337646484,136.2803192138672,54.36174392700195,47145600,2466000,6483200,24510200,67082700,2553900,4879000,18240300
2024-01-30,186.91775512695312,189.1544952392578,152.67564392089844,404.7457580566406,25.426319122314453,122.53966522216797,135.31732177734375,54.54290771484375,55859400,2428100,7200500,33477600,86072400,2764300,2879500,15270000
2024-01-31,183.29949951171875,189.24154663085938,152.80062866210938,393.8393249511719,25.482778549194336,122.69463348388672,133.93064880371094,54.430912017822266,55467800,2454100,8256800,47871100,81192100,4811300,5804400,26134800
2024-02-01,185.74481201171875,191.8917999267578,152.2813720703125,399.9809875488281,25.68039321899414,126.32636260986328,139.07293701171875,55.4388313293457,64885400,2700800,8012000,30657700,53883000,3984000,3613900,20792700
2024-02-02,184.7408447265625,187.17164611816406,150.5985565185547,407.3509521484375,25.34162712097168,125.17388916015625,140.10333251953125,55.85386276245117,102518000,2914000,8295500,28245000,51663800,4195000,3775800,21670800
2024-02-05,186.55992126464844,183.26397705078125,149.8196563720703,401.8333435058594,25.00286102294922,122.90768432617188,137.06031799316406,55.55411911010742,69668800,2489100,9121600,25352300,42633400,3591800,4697400,19145100
2024-02-06,188.17022705078125,185.3919219970703,151.99288940429688,401.67486572265625,25.878007888793945,126.38446807861328,139.08253479003906,55.93291091918945,43490800,1777000,9229900,18382600,56958700,3764300,2873200,14181300
2024-02-07,188.2795867919922,187.27804565429688,151.91595458984375,410.15435791015625,25.934467315673828,125.01893615722656,141.29737854003906,55.79127502441406,53439000,2254800,8690300,22340500,36843000,3907500,3979600,17082600
2024-02-08,187.19610595703125,187.29739379882812,150.3966064453125,410.2137756347656,25.943878173828125,127.50788879394531,141.9425811767578,55.78798294067383,40962000,2001100,9755000,21225300,29048400,3261000,2946900,14427900
2024-02-09,187.96246337890625,188.0711669921875,150.74278259277344,416.5931701660156,25.934467315673828,128.30203247070312,141.1048126220703,55.75833511352539,45155200,1903900,6529200,22032800,29062700,2870400,2792400,14329800
2024-02-12,186.27044677734375,185.4886474609375,151.79095458984375,411.3529357910156,26.0285701751709,127.88558197021484,143.86856079101562,56.09431076049805,41781900,1589700,6701500,21202900,30323700,2523800,3492600,14795100
2024-02-13,184.17037963867188,182.2483673095703,150.4639129638672,402.4970703125,25.37926483154297,126.75250244140625,140.70034790039062,55.71222686767578,56529500,3512500,8621000,27824900,37927500,4759100,3061800,18574200
2024-02-14,183.28456115722656,182.3160858154297,149.76193237304688,406.3873596191406,25.511009216308594,126.38446807861328,139.66033935546875,55.534358978271484,54630500,1818100,9098800,20401200,25270200,4294100,2986400,18484500
2024-02-15,182.99594116210938,183.25430297851562,151.85826110839844,403.4795837402344,25.88741683959961,128.90248107910156,140.91220092773438,55.76163101196289,65434500,2411900,7462500,21825500,36111600,3409200,2807600,16948800
2024-02-16,181.4532012939453,181.0006103515625,151.683837890625,400.9985656738281,25.990930557250977,129.18333435058594,144.07077026367188,56.114078521728516,49701400,2127200,8540700,22281100,35913500,3421200,4318400,22373400
2024-02-20,180.7067413330078,182.22900390625,152.95314025878906,399.7381286621094,25.962697982788086,129.14459228515625,145.40953063964844,57.92569351196289,53665600,2241000,9501700,24307900,34232000,2995200,3474400,71788500
2024-02-21,181.46316528320312,182.054931640625,153.74765014648438,399.13275146484375,26.037981033325195,129.21238708496094,144.34239196777344,57.21422576904297,41529700,1863200,7473300,18631100,27370600,2436400,2307600,40551600
2024-02-22,183.50350952148438,181.85179138183594,155.46261596679688,408.531005859375,25.92505645751953,129.2317657470703,145.8460693359375,57.7774772644043,52292200,2149700,8065000,27009900,31957500,2946900,2503800,29512800
2024-02-23,181.66224670410156,183.70889282226562,156.80941772460938,407.2309265136719,26.122671127319336,129.00900268554688,146.95199584960938,57.82687759399414,45119700,1458600,6726000,16295900,33182600,2131800,3503600,74365800
2024-02-26,180.30860900878906,181.5712890625,155.79205322265625,404.4521484375,25.576879501342773,128.37950134277344,145.6617431640625,58.89408493041992,40867400,3310700,5465400,16193500,45685500,2000500,3856900,32154800
2024-02-27,181.77171325683594,180.5653533935547,155.9761505126953,404.39263916015625,25.303983688354492,128.3117218017578,147.44674682617188,58.88420867919922,54318900,4672100,5078600,14835800,38598400,2976900,2851700,18012700
2024-02-28,180.56739807128906,187.41343688964844,156.52845764160156,404.63079833984375,25.445138931274414,129.764404296875,146.9132080078125,58.913848876953125,48953900,4059100,6071100,13183100,31010200,2478800,2298300,14803300
2024-02-29,179.90054321289062,192.34640502929688,156.3637237548828,410.5059509277344,24.99344825744629,129.06712341308594,148.3489532470703,57.91581344604492,136682600,4676900,9849100,31947300,54643200,5131300,4447800,29245100
2024-03-01,178.81565856933594,195.15139770507812,157.08071899414062,412.3518371582031,25.021678924560547,130.3551788330078,150.6481170654297,58.06403350830078,73488000,3473500,5668000,17800300,46213600,2786500,4284000,19017700
2024-03-04,174.277099609375,199.3976287841797,154.87159729003906,411.7762451171875,24.36296844482422,129.39637756347656,145.99160766601562,58.59763717651367,81510100,2851800,8532900,17596000,86777700,3316200,9096100,16033300
2024-03-05,169.32049560546875,198.6915283203125,154.99755859375,399.5992126464844,24.541763305664062,128.2633056640625,163.5408477783203,59.32887649536133,95132400,2469900,8298200,26919200,73646100,2328800,22986800,19676900
2024-03-06,168.3251953125,199.26220703125,154.3871307373047,399.04345703125,25.586292266845703,128.8831024169922,168.3525848388672,59.85260009765625,68587700,1865400,5773700,22344100,84919500,2245500,8955200,12698700
2024-03-07,168.20574951171875,198.02413940429688,153.93173217773438,406.0400390625,25.20988655090332,128.5538330078125,166.412353515625,59.64508056640625,71765100,2085800,5188700,18718500,46423800,2080400,3644700,16195300
2024-03-08,169.92762756347656,200.51962280273438,154.56153869628906,403.14215087890625,25.61452293395996,130.8103485107422,164.6467742919922,59.40792465209961,76114600,2156000,5283200,17971700,45869300,2942200,3361800,12132000
2024-03-11,171.93814086914062,199.97796630859375,156.21839904785156,401.45501708984375,26.69669532775879,129.89031982421875,163.0460968017578,59.941532135009766,60139500,2006300,4620800,16120800,52600100,2068900,3142400,14154000
2024-03-12,172.41586303710938,197.4921417236328,157.68145751953125,412.13348388671875,26.357927322387695,130.3261260986328,162.56105041503906,60.682647705078125,59825400,1746100,8018700,22457000,48758200,1729200,2292100,16613100
2024-03-13,170.3257598876953,195.7220916748047,156.09242248535156,411.95489501953125,26.555540084838867,129.12521362304688,161.68792724609375,60.5541877746582,52488700,1690400,6260000,17115900,39273000,3061400,5546300,15935200
2024-03-14,172.1869659423828,192.6656036376953,154.2611846923828,421.9981994628906,26.470848083496094,126.62659454345703,159.39849853515625,60.502628326416016,72913500,2010400,6988300,34157300,36428000,3076000,3365900,16584700
2024-03-15,171.80874633789062,190.87619018554688,153.26318359375,413.264892578125,26.292057037353516,125.87535858154297,159.31117248535156,60.16550827026367,121664700,3346800,13165500,45049800,75719200,6698800,5074900,50904600
2024-03-18,172.90357971191406,189.4930419921875,151.8873291015625,414.1580505371094,26.08502960205078,125.01679992675781,162.58042907714844,60.3439826965332,75604200,1833500,6602300,20106000,36226500,2274300,3189600,16801700
2024-03-19,175.25250244140625,190.18946838378906,151.35443115234375,418.2170715332031,26.00033950805664,124.7338638305664,163.18191528320312,60.35390090942383,55215200,1463500,7840600,19837900,29026600,2641200,2290500,12353600
2024-03-20,177.83030700683594,188.25494384765625,150.9184112548828,422.0081481933594,26.066211700439453,125.56315612792969,165.3646697998047,60.73067855834961,53423100,2154800,5982300,17860100,34468000,2565700,2969700,12007600
2024-03-21,170.56460571289062,187.5875701904297,150.90872192382812,426.1167297363281,26.0285701751709,126.72415161132812,165.08331298828125,60.928985595703125,106181300,2658000,5915800,21296200,29633700,3020100,2624300,14265900
2024-03-22,171.4703369140625,186.4752197265625,150.40489196777344,425.49151611328125,25.746267318725586,125.48509216308594,163.58937072753906,60.35390090942383,71106600,2581300,7245400,17636500,28789000,2738500,2443600,14025400
2024-03-25,170.0470733642578,189.1544952392578,150.39520263671875,419.65606689453125,25.812135696411133,124.03141784667969,167.4989013671875,60.05644607543945,54288300,2144800,7498100,18060500,31110600,2472700,4262600,14186600
2024-03-26,168.9124298095703,187.74234008789062,150.9281005859375,418.45526123046875,25.962697982788086,122.08992004394531,167.4794921875,59.9969482421875,57388400,1823400,6864100,16725600,38220300,3567300,3512900,13738300
2024-03-27,172.49549865722656,190.91488647460938,153.05003356933594,418.2369384765625,26.14149284362793,125.71925354003906,169.4488067626953,60.20517349243164,60273300,2494200,8461600,16705000,34247600,3202100,4747100,14363400
2024-03-28,170.67408752441406,191.1179962158203,153.2728729248047,417.53228759765625,26.11326026916504,127.04611206054688,171.9128875732422,59.65983200073242,65672700,2170500,6181500,21871200,40466700,3676100,3716200,17535100
2024-04-01,169.23092651367188,186.68800354003906,152.8756103515625,421.35308837890625,26.08502960205078,124.80216217041016,172.50466918945312,59.491275787353516,46240500,2195800,4364700,16316000,26596600,1762900,3917400,13837600
2024-04-02,168.04649353027344,185.8852081298828,152.82717895507812,418.246826171875,25.92505645751953,122.51920318603516,170.9718780517578,58.65839767456055,49329500,2321300,6102300,17912000,32451500,3187400,3022100,19510100
2024-04-03,168.8527069091797,186.01095581054688,149.4650421142578,417.26434326171875,25.61452293395996,123.01676940917969,170.2443084716797,58.92610549926758,47691700,2270400,8098200,16502300,36828600,3585000,3033900,14615100
2024-04-04,168.026611328125,184.06678771972656,147.759765625,414.71380615234375,25.078140258789062,121.65089416503906,167.07205200195312,58.99551773071289,53704400,2265400,6947400,19370900,41922700,4335800,3614400,14436100
2024-04-05,168.7830352783203,183.94105529785156,147.65316772460938,422.2958984375,25.08755111694336,121.69966888427734,166.63551330566406,59.34254837036133,42055200,2538800,6778100,16544300,39839500,5099600,2333200,10332300
2024-04-08,167.65834045410156,182.0452423095703,146.87802124023438,421.3729553222656,25.012269973754883,123.09481811523438,164.6273651123047,59.27313995361328,37425500,2296800,5935400,14272400,24431400,2821600,2122900,11070100
2024-04-09,168.8726043701172,186.49456787109375,147.5562744140625,423.0501708984375,25.20047378540039,123.18262481689453,166.4996795654297,59.283058166503906,42451200,1962900,6135600,12512300,45193600,2965800,1847100,10015900
2024-04-10,166.99147033691406,175.99996948242188,145.53121948242188,420.0530700683594,24.76760482788086,117.68009948730469,166.48997497558594,60.10601806640625,49709300,4136500,6809500,16216600,44541600,4753000,2148700,15097600
2024-04-11,174.2173614501953,174.3408660888672,144.16505432128906,424.6876525878906,24.786426544189453,117.31910705566406,166.2086639404297,59.58051300048828,91070300,3688600,8374400,17966400,32814500,4098100,2247900,10987600
2024-04-12,175.72027587890625,174.88739013671875,142.93453979492188,418.7033386230469,24.334735870361328,116.09957122802734,161.1543731689453,59.63008499145508,101593300,3839000,7097500,19232100,42985600,3735300,3550800,12278100
2024-04-15,171.87841796875,173.8333740234375,143.0023651123047,410.5059509277344,24.38178825378418,112.96781158447266,160.0775604248047,59.42186737060547,73531800,2562800,8502300,20273500,35660200,3993800,5075400,10557200
2024-04-16,168.583984375,168.06561279296875,139.9599609375,411.43878173828125,24.174762725830078,111.94340515136719,158.43807983398438,59.33263397216797,73711200,3848700,12774900,16765600,28885300,5666400,3450600,14726300
2024-04-17,167.21046447753906,167.88018798828125,140.27001953125,408.71954345703125,23.920686721801758,103.89447784423828,159.5537109375,59.14424133300781,50901200,2732800,9378100,15855500,43828900,11034000,3700200,15329700
2024-04-18,166.2549591064453,166.88473510742188,141.20986938476562,401.2069091796875,23.8924560546875,102.13835906982422,161.60064697265625,58.757545471191406,43122900,2276200,9887700,21029900,35788400,6310200,3169500,12061500
2024-04-19,164.2245635986328,167.17752075195312,143.3124237060547,396.095947265625,24.466480255126953,100.96760559082031,163.2692108154297,59.0252571105957,67772100,2867400,9747700,30276500,38337400,6931100,3376600,14160200
2024-04-22,165.0605926513672,168.1534423828125,144.48480224609375,397.9219665527344,24.711145401000977,101.54322052001953,162.1147918701172,59.63008499145508,48116400,2603800,10118700,20286900,35678700,3673000,2155500,14910000
2024-04-23,166.11561584472656,169.9882049560547,144.9111328125,404.48193359375,24.76760482788086,102.27495574951172,161.53273010253906,58.588993072509766,49537800,2659000,10110400,15734500,24297800,4232300,1890300,17963900
2024-04-24,168.2256622314453,169.17816162109375,143.91314697265625,405.96063232421875,24.720556259155273,100.6651611328125,160.39768981933594,59.36237716674805,48251800,3029300,9756300,15065300,24547800,4819700,2631400,18529100
2024-04-25,169.09158325195312,168.73899841308594,142.25631713867188,396.0165710449219,23.770124435424805,100.83101654052734,159.52459716796875,59.699493408203125,50558300,1862300,7642700,40586500,47661400,3798800,3141700,19263000
2024-04-26,168.5043487548828,167.55813598632812,141.59744262695312,403.24139404296875,23.90186882019043,101.52371215820312,159.8156280517578,59.64992141723633,44838400,1701400,6183000,29694700,46526500,4037600,2085500,11045200
2024-04-29,172.68460083007812,170.77871704101562,142.25631713867188,399.20220947265625,24.127710342407227,102.4505615234375,158.8358154296875,59.72924041748047,68169400,2104800,6149600,19582100,39995300,2840500,2698500,9785100
2024-04-30,169.5294952392578,167.43124389648438,140.09561157226562,386.3800964355469,24.10889434814453,99.56270599365234,156.16802978515625,58.84678649902344,65934800,3710600,8817700,28781400,38017700,5607900,3534400,14209200
2024-05-01,168.5043487548828,172.58416748046875,146.48077392578125,391.9476013183594,25.576879501342773,99.39684295654297,151.75401306152344,58.35102462768555,50383100,3877100,14470900,23562500,97388900,5526200,4378000,15464300
2024-05-02,172.21682739257812,175.31680297851562,145.2599334716797,394.82562255859375,26.066211700439453,101.98226165771484,153.39352416992188,59.203731536865234,94214900,3278100,8459800,17709400,69649000,5836200,3880000,17574100
2024-05-03,182.51817321777344,177.36627197265625,144.630126953125,403.57879638671875,26.169723510742188,103.30911254882812,153.31590270996094,59.312801361083984,163224100,3130300,6532700,17446700,60568900,3517600,3802200,14207400
2024-05-06,180.8560333251953,174.38966369628906,143.9615936279297,410.4067077636719,26.49907875061035,102.11884307861328,153.6166534423828,59.36237716674805,78569700,2297900,5042800,16996600,59899700,4259700,3314500,11119400
2024-05-07,181.5427703857422,176.91734313964844,144.09722900390625,406.2384948730469,26.132083892822266,105.13352966308594,155.61508178710938,60.10601806640625,77305800,2594800,7333500,20018200,65606400,4088000,3492500,14520200
2024-05-08,181.88119506835938,176.96612548828125,144.320068359375,407.429443359375,26.602590560913086,103.29935455322266,154.819580078125,59.788734436035156,45057100,2014400,7735100,11792300,39087800,2947700,2678300,11015700
2024-05-09,183.70260620117188,181.8848419189453,145.19212341308594,409.1959533691406,26.91781234741211,105.51402282714844,159.408203125,60.13497543334961,48983000,2588000,6546200,14689700,47831100,4208800,2538000,14550500
2024-05-10,182.4368438720703,180.0500946044922,145.25025939941406,411.5975646972656,26.75542640686035,104.8701171875,158.25376892089844,60.174774169921875,50759500,3158100,5710600,13402300,25849800,2872800,2414100,12356600
2024-05-13,185.65603637695312,180.5478057861328,146.51953125,410.5853271484375,27.166166305541992,105.05548095703125,156.0904083251953,60.105125427246094,72044800,1842700,5628500,15440200,39609800,3043100,2629000,19260500
2024-05-14,186.8021697998047,182.4606475830078,146.674560546875,413.40380859375,27.108850479125977,105.64085388183594,155.26992797851562,59.55790328979492,52393600,2008300,8254200,15109300,23530900,3727300,2707900,18780100
2024-05-15,189.08450317382812,187.39886474609375,147.92445373535156,420.6317443847656,27.529146194458008,107.30917358398438,153.85357666015625,59.52806091308594,70400000,2815200,5548000,22239500,38376300,4347500,2563700,22240600
2024-05-16,189.2041015625,190.2485809326172,149.4844207763672,418.5538330078125,27.624666213989258,108.08967590332031,156.92068481445312,63.68696212768555,52845200,2616900,7591000,17530100,40077800,4232400,5232900,60545600
2024-05-17,189.2340087890625,189.82894897460938,149.83322143554688,417.7783203125,27.357206344604492,108.7823715209961,156.41275024414062,64.32373046875,41282900,2157300,6521800,15352200,26106400,3260600,4005500,29330400
2024-05-20,190.4000701904297,187.14512634277344,147.75274658203125,422.878662109375,27.252134323120117,109.3189697265625,153.0721435546875,63.856101989746094,44361300,1733500,7742300,16272100,22423300,3941400,4429200,15001400
2024-05-21,191.70570373535156,189.45809936523438,147.7234649658203,426.5572509765625,27.280790328979492,107.90431213378906,152.1637420654297,64.82120513916016,42309400,1527300,5492400,21453300,28119900,2524900,6291000,17131700
2024-05-22,190.26055908203125,186.7352294921875,149.93089294433594,428.0287170410156,28.274208068847656,106.55794525146484,139.94415283203125,64.92070007324219,34648500,1681100,6609800,18073700,46987500,3158100,18724000,14879400
2024-05-23,186.2540283203125,182.1092987060547,146.21925354003906,424.529052734375,27.40496826171875,103.06520080566406,141.05767822265625,64.51276397705078,51005900,1768800,8000400,17211700,42031300,4364600,6661100,16222900
2024-05-24,189.3436279296875,181.45541381835938,143.552734375,427.6707763671875,27.586456298828125,102.19689178466797,141.858642578125,65.050048828125,36294600,1257900,9517000,11845800,22576300,3107600,3549300,11793800
2024-05-28,189.35360717773438,180.5770721435547,141.02296447753906,427.8298645019531,27.03243637084961,102.4407958984375,143.68524169921875,64.71176147460938,52280100,1828300,10499800,15718000,32371200,4857000,4344300,13349600
2024-05-29,189.652587890625,180.860107421875,141.08155822753906,426.6865234375,26.57393455505371,102.4407958984375,144.3103790283203,64.59236907958984,53068000,1977700,8263800,15517100,24241700,2945800,3038500,11538600
2024-05-30,190.6492462158203,186.18870544433594,141.9020233154297,412.2704162597656,26.93691635131836,104.94816589355469,146.39093017578125,64.5625228881836,49947900,2850400,8491100,28424800,23330700,4325700,4239400,13053500
2024-05-31,191.6060333251953,191.02935791015625,143.25970458984375,412.7277526855469,27.376310348510742,107.79698944091797,152.53492736816406,65.42813110351562,75158300,7331900,14621200,47995300,78290100,14977800,7501000,27632200
